,wrapperType,artistId,collectionId,artistName,collectionName,collectionCensoredName,artistViewUrl,collectionViewUrl,artworkUrl60,artworkUrl100,collectionPrice,collectionExplicitness,trackCount,country,currency,releaseDate,primaryGenreName,previewUrl,description,kind,trackId,trackName,trackCensoredName,trackViewUrl,artworkUrl30,trackPrice,trackExplicitness,discCount,discNumber,trackNumber,trackTimeMillis,isStreamable,copyright,contentAdvisoryRating
0,audiobook,160778930,1439484338,Bob Spitz,The Beatles (Abridged),The Beatles (Abridged),https://books.apple.com/us/author/bob-spitz/id160778930?uo=4,https://books.apple.com/us/audiobook/the-beatles-abridged/id1439484338?uo=4,https://is3-ssl.mzstatic.com/image/thumb/Music128/v4/69/b8/65/69b86591-ce4b-9bd0-ab71-3808d0ea06dc/9780743552455.jpg/60x60bb.jpg,https://is3-ssl.mzstatic.com/image/thumb/Music128/v4/69/b8/65/69b86591-ce4b-9bd0-ab71-3808d0ea06dc/9780743552455.jpg/100x100bb.jpg,16.99,notExplicit,1,USA,USD,2005-11-01T08:00:00Z,Biographies & Memoirs,https://audio-ssl.itunes.apple.com/itunes-assets/AudioPreview123/v4/8a/3b/60/8a3b60b6-8b98-ec66-4193-2410ade915b6/mzaf_3719604921631393408.std.aac.p.m4a,"<b>2007 Audie Award Winner for Non-Fiction, Abridged</b><br /><br />Even before the Beatles hit the big time, a myth was created. This version of the Beatles legend smoothed the rough edges and filled in the fault lines, and for more than forty years this manicured version of the Beatles story has sustained as truth -- until now.<br /> The product of almost a decade of research, hundreds of unprecedented interviews, and the discovery of scores of never-before-revealed documents, Bob Spitz's <i>The Beatles</i> is the biography fans have been waiting for.<br /> Never before has a biography of musicians been so immersive and textured. We are there in the McCartney living room when Paul and John learn to write songs together; backstage the night Ringo takes over on drums; in seedy German strip clubs where George lies about his age so the band can perform; and at the <i>Ed Sullivan Show</i> as America discovers the joy and the madness. From Shea to San Francisco, through the London night, on to India, through marmalade skies, across the universe-all the way to a rooftop concert and one last moment of laughter and music.<br /> It is all here, the highs and the lows, the love and the rivalry, the drugs, the tears, the thrill, the magic never again to be repeated. Bob Spitz's masterpiece is, at long last, the biography the Beatles deserve.",,,,,,,,,,,,,,,
1,track,5621730,1025317255,Devendra Banhart,Cripple Crow,Cripple Crow,https://music.apple.com/us/artist/devendra-banhart/5621730?uo=4,https://music.apple.com/us/album/the-beatles/1025317255?i=1025317599&uo=4,https://is1-ssl.mzstatic.com/image/thumb/Music125/v4/c1/e6/3b/c1e63b0b-2fe6-4279-39d0-e43204cf5594/source/60x60bb.jpg,https://is1-ssl.mzstatic.com/image/thumb/Music125/v4/c1/e6/3b/c1e63b0b-2fe6-4279-39d0-e43204cf5594/source/100x100bb.jpg,9.99,notExplicit,22,USA,USD,2005-09-13T12:00:00Z,Alternative,https://audio-ssl.itunes.apple.com/itunes-assets/AudioPreview125/v4/44/c1/98/44c198a8-2a9c-dea6-d575-36141138edd6/mzaf_1061800412585949492.plus.aac.p.m4a,,song,1025317599.0,The Beatles,The Beatles,https://music.apple.com/us/album/the-beatles/1025317255?i=1025317599&uo=4,https://is1-ssl.mzstatic.com/image/thumb/Music125/v4/c1/e6/3b/c1e63b0b-2fe6-4279-39d0-e43204cf5594/source/30x30bb.jpg,1.29,notExplicit,1.0,1.0,10.0,104413.0,True,,
2,audiobook,2037074,1420827098,Hunter Davies,The Beatles,The Beatles,https://books.apple.com/us/author/hunter-davies/id2037074?uo=4,https://books.apple.com/us/audiobook/the-beatles/id1420827098?uo=4,https://is5-ssl.mzstatic.com/image/thumb/Music114/v4/28/df/d3/28dfd325-1c47-9cbc-84a5-7793ecdc5b04/9781483069364_cover.jpg/60x60bb.jpg,https://is5-ssl.mzstatic.com/image/thumb/Music114/v4/28/df/d3/28dfd325-1c47-9cbc-84a5-7793ecdc5b04/9781483069364_cover.jpg/100x100bb.jpg,22.99,notExplicit,1,USA,USD,2010-03-18T07:00:00Z,Biographies & Memoirs,https://audio-ssl.itunes.apple.com/itunes-assets/AudioPreview123/v4/8b/68/95/8b689586-b40d-6086-d80a-d08b2a9c4061/mzaf_17544905035827147247.std.aac.p.m4a,"This worldwide bestseller is the biography that defined a band—and an era.<br /><br />As the friend and only authorized biographer of the most famous musical group in history, Davies had full access to the Beatles—including their family, friends, and colleauges—as well as their help and encouragement in writing this biography. He spent eighteen months with them when they were at the peak of their musical genius and the pinnacle of their popularity, making a mark on history and popular culture that would never fade. Davies stayed on with the Beatles through their breakup and remained friends with the individual members afterwards, enabling him to write the continuing story of their solo careers.<br /><br />First published in 1968, this newly revised edition has added information, including a new introduction and a newly discovered song lyric by George Harrison.",,,,,,,,,,,,,,© 2010 Blackstone Audio,
3,audiobook,125377525,189222494,N.N.,The Beatles - I want to hold your hand: Pop-Splits,The Beatles - I want to hold your hand: Pop-Splits,https://books.apple.com/us/author/n-n/id125377525?uo=4,https://books.apple.com/us/audiobook/the-beatles-i-want-to-hold-your-hand-pop-splits/id189222494?uo=4,https://is1-ssl.mzstatic.com/image/thumb/Music128/v4/15/d8/d2/15d8d240-d232-c02c-1926-2fcab33da76e/rm_image.jpg/60x60bb.jpg,https://is1-ssl.mzstatic.com/image/thumb/Music128/v4/15/d8/d2/15d8d240-d232-c02c-1926-2fcab33da76e/rm_image.jpg/100x100bb.jpg,0.99,notExplicit,1,USA,USD,2006-09-05T07:00:00Z,Nonfiction,https://audio-ssl.itunes.apple.com/itunes-assets/AudioPreview123/v4/47/b5/8e/47b58ee5-e6e4-04da-35b7-aca557f69f5c/mzaf_4114904369302677830.std.aac.p.m4a,"Dieser Popsplit handelt von dem Beatles-Song ""I want to hold your hand"" und davon, wie Bob Dylan den Beatles das Kiffen beibrachte...<br />Der Titel ist Teil des Pop-Splits ""Lust for Life -- 21 Geschichten zu Sex, Drugs &amp; Rock'n' Roll"".",,,,,,,,,,,,,,© 2006 der apparat multimedia gmbh,
4,track,829356035,1440844129,Rae Sremmurd,SremmLife 2 (Deluxe),SremmLife 2 (Deluxe),https://music.apple.com/us/artist/rae-sremmurd/829356035?uo=4,https://music.apple.com/us/album/black-beatles-feat-gucci-mane/1440844129?i=1440844145&uo=4,https://is4-ssl.mzstatic.com/image/thumb/Music125/v4/7f/cf/ce/7fcfce2c-384c-2a35-efb1-e457b3b7142a/source/60x60bb.jpg,https://is4-ssl.mzstatic.com/image/thumb/Music125/v4/7f/cf/ce/7fcfce2c-384c-2a35-efb1-e457b3b7142a/source/100x100bb.jpg,10.99,explicit,14,USA,USD,2016-08-12T12:00:00Z,Hip-Hop/Rap,https://audio-ssl.itunes.apple.com/itunes-assets/AudioPreview125/v4/b2/36/e4/b236e45a-8050-0414-72ff-d477e22bb58b/mzaf_789672139731068638.plus.aac.p.m4a,,song,1440844145.0,Black Beatles (feat. Gucci Mane),Black Beatles (feat. Gucci Mane),https://music.apple.com/us/album/black-beatles-feat-gucci-mane/1440844129?i=1440844145&uo=4,https://is4-ssl.mzstatic.com/image/thumb/Music125/v4/7f/cf/ce/7fcfce2c-384c-2a35-efb1-e457b3b7142a/source/30x30bb.jpg,1.29,explicit,1.0,1.0,5.0,291891.0,True,,Explicit
5,track,157458,282495289,Daniel Johnston,Yip! Jump Music,Yip! Jump Music,https://music.apple.com/us/artist/daniel-johnston/157458?uo=4,https://music.apple.com/us/album/the-beatles/282495289?i=282495296&uo=4,https://is5-ssl.mzstatic.com/image/thumb/Music/v4/9c/34/4e/9c344edb-beb8-e480-62cf-ae9b6d59f363/source/60x60bb.jpg,https://is5-ssl.mzstatic.com/image/thumb/Music/v4/9c/34/4e/9c344edb-beb8-e480-62cf-ae9b6d59f363/source/100x100bb.jpg,9.99,notExplicit,20,USA,USD,1983-05-01T12:00:00Z,Alternative,https://audio-ssl.itunes.apple.com/itunes-assets/AudioPreview125/v4/e6/81/31/e68131e4-2889-d027-d1e2-6755e56fd434/mzaf_13627254640725098082.plus.aac.p.m4a,,song,282495296.0,The Beatles,The Beatles,https://music.apple.com/us/album/the-beatles/282495289?i=282495296&uo=4,https://is5-ssl.mzstatic.com/image/thumb/Music/v4/9c/34/4e/9c344edb-beb8-e480-62cf-ae9b6d59f363/source/30x30bb.jpg,0.99,notExplicit,1.0,1.0,2.0,145453.0,True,,
6,track,136975,1441133100,The Beatles,The Beatles 1967-1970 (The Blue Album),The Beatles 1967-1970 (The Blue Album),https://music.apple.com/us/artist/the-beatles/136975?uo=4,https://music.apple.com/us/album/hey-jude/1441133100?i=1441133277&uo=4,https://is1-ssl.mzstatic.com/image/thumb/Music125/v4/27/7e/ef/277eefc6-f30a-cf5d-6e84-a80c435f36b0/source/60x60bb.jpg,https://is1-ssl.mzstatic.com/image/thumb/Music125/v4/27/7e/ef/277eefc6-f30a-cf5d-6e84-a80c435f36b0/source/100x100bb.jpg,19.99,notExplicit,14,USA,USD,1968-08-26T12:00:00Z,Rock,https://audio-ssl.itunes.apple.com/itunes-assets/AudioPreview125/v4/a4/33/20/a433208b-4e66-598a-55db-2ab05a4a5c77/mzaf_8650423337535233229.plus.aac.p.m4a,,song,1441133277.0,Hey Jude,Hey Jude,https://music.apple.com/us/album/hey-jude/1441133100?i=1441133277&uo=4,https://is1-ssl.mzstatic.com/image/thumb/Music125/v4/27/7e/ef/277eefc6-f30a-cf5d-6e84-a80c435f36b0/source/30x30bb.jpg,1.29,notExplicit,2.0,1.0,13.0,431333.0,True,,
7,track,136975,1441133180,The Beatles,The Beatles (The White Album),The Beatles (The White Album),https://music.apple.com/us/artist/the-beatles/136975?uo=4,https://music.apple.com/us/album/blackbird/1441133180?i=1441133834&uo=4,https://is3-ssl.mzstatic.com/image/thumb/Music125/v4/16/fe/6a/16fe6a77-f15a-a4e3-1f92-cda58964c7d5/source/60x60bb.jpg,https://is3-ssl.mzstatic.com/image/thumb/Music125/v4/16/fe/6a/16fe6a77-f15a-a4e3-1f92-cda58964c7d5/source/100x100bb.jpg,19.99,notExplicit,17,USA,USD,1968-11-22T12:00:00Z,Rock,https://audio-ssl.itunes.apple.com/itunes-assets/AudioPreview115/v4/10/e8/96/10e89630-4b7b-77d4-af63-829d597340ba/mzaf_842543440499453757.plus.aac.p.m4a,,song,1441133834.0,Blackbird,Blackbird,https://music.apple.com/us/album/blackbird/1441133180?i=1441133834&uo=4,https://is3-ssl.mzstatic.com/image/thumb/Music125/v4/16/fe/6a/16fe6a77-f15a-a4e3-1f92-cda58964c7d5/source/30x30bb.jpg,1.29,notExplicit,3.0,1.0,11.0,138387.0,True,,
8,track,157458,1558590212,Daniel Johnston,Yip Jump Music,Yip Jump Music,https://music.apple.com/us/artist/daniel-johnston/157458?uo=4,https://music.apple.com/us/album/the-beatles/1558590212?i=1558590540&uo=4,https://is2-ssl.mzstatic.com/image/thumb/Music124/v4/8a/c8/44/8ac844b3-bc80-2fa8-198c-666b007224e2/source/60x60bb.jpg,https://is2-ssl.mzstatic.com/image/thumb/Music124/v4/8a/c8/44/8ac844b3-bc80-2fa8-198c-666b007224e2/source/100x100bb.jpg,9.99,notExplicit,20,USA,USD,1983-05-01T12:00:00Z,Alternative,https://audio-ssl.itunes.apple.com/itunes-assets/AudioPreview124/v4/0e/13/d8/0e13d8e1-d1a9-75d7-5c29-62744288f706/mzaf_14447960789798372824.plus.aac.p.m4a,,song,1558590540.0,The Beatles,The Beatles,https://music.apple.com/us/album/the-beatles/1558590212?i=1558590540&uo=4,https://is2-ssl.mzstatic.com/image/thumb/Music124/v4/8a/c8/44/8ac844b3-bc80-2fa8-198c-666b007224e2/source/30x30bb.jpg,1.29,notExplicit,1.0,1.0,2.0,145639.0,True,,
9,track,136975,1441133180,The Beatles,The Beatles (The White Album),The Beatles (The White Album),https://music.apple.com/us/artist/the-beatles/136975?uo=4,https://music.apple.com/us/album/ob-la-di-ob-la-da/1441133180?i=1441133613&uo=4,https://is3-ssl.mzstatic.com/image/thumb/Music125/v4/16/fe/6a/16fe6a77-f15a-a4e3-1f92-cda58964c7d5/source/60x60bb.jpg,https://is3-ssl.mzstatic.com/image/thumb/Music125/v4/16/fe/6a/16fe6a77-f15a-a4e3-1f92-cda58964c7d5/source/100x100bb.jpg,19.99,notExplicit,17,USA,USD,1968-11-22T12:00:00Z,Rock,https://audio-ssl.itunes.apple.com/itunes-assets/AudioPreview115/v4/9e/c4/f1/9ec4f117-0f5d-7c98-6980-78c25f156803/mzaf_9913753645447874881.plus.aac.p.m4a,,song,1441133613.0,"Ob-La-Di, Ob-La-Da","Ob-La-Di, Ob-La-Da",https://music.apple.com/us/album/ob-la-di-ob-la-da/1441133180?i=1441133613&uo=4,https://is3-ssl.mzstatic.com/image/thumb/Music125/v4/16/fe/6a/16fe6a77-f15a-a4e3-1f92-cda58964c7d5/source/30x30bb.jpg,1.29,notExplicit,3.0,1.0,4.0,188960.0,True,,
10,track,136975,1441133100,The Beatles,The Beatles 1967-1970 (The Blue Album),The Beatles 1967-1970 (The Blue Album),https://music.apple.com/us/artist/the-beatles/136975?uo=4,https://music.apple.com/us/album/revolution/1441133100?i=1441133279&uo=4,https://is1-ssl.mzstatic.com/image/thumb/Music125/v4/27/7e/ef/277eefc6-f30a-cf5d-6e84-a80c435f36b0/source/60x60bb.jpg,https://is1-ssl.mzstatic.com/image/thumb/Music125/v4/27/7e/ef/277eefc6-f30a-cf5d-6e84-a80c435f36b0/source/100x100bb.jpg,19.99,notExplicit,14,USA,USD,1968-08-26T12:00:00Z,Rock,https://audio-ssl.itunes.apple.com/itunes-assets/AudioPreview115/v4/4a/fc/db/4afcdb94-b5e8-b694-af9b-2956e35dee63/mzaf_3987597877025334346.plus.aac.p.m4a,,song,1441133279.0,Revolution,Revolution,https://music.apple.com/us/album/revolution/1441133100?i=1441133279&uo=4,https://is1-ssl.mzstatic.com/image/thumb/Music125/v4/27/7e/ef/277eefc6-f30a-cf5d-6e84-a80c435f36b0/source/30x30bb.jpg,1.29,notExplicit,2.0,1.0,14.0,203292.0,True,,
11,track,136975,1441133180,The Beatles,The Beatles (The White Album),The Beatles (The White Album),https://music.apple.com/us/artist/the-beatles/136975?uo=4,https://music.apple.com/us/album/while-my-guitar-gently-weeps/1441133180?i=1441133644&uo=4,https://is3-ssl.mzstatic.com/image/thumb/Music125/v4/16/fe/6a/16fe6a77-f15a-a4e3-1f92-cda58964c7d5/source/60x60bb.jpg,https://is3-ssl.mzstatic.com/image/thumb/Music125/v4/16/fe/6a/16fe6a77-f15a-a4e3-1f92-cda58964c7d5/source/100x100bb.jpg,19.99,notExplicit,17,USA,USD,1968-11-22T12:00:00Z,Rock,https://audio-ssl.itunes.apple.com/itunes-assets/AudioPreview115/v4/85/aa/2c/85aa2cd7-f2bb-dd20-48c4-5172a3e44c54/mzaf_16441741399674871731.plus.aac.p.m4a,,song,1441133644.0,While My Guitar Gently Weeps,While My Guitar Gently Weeps,https://music.apple.com/us/album/while-my-guitar-gently-weeps/1441133180?i=1441133644&uo=4,https://is3-ssl.mzstatic.com/image/thumb/Music125/v4/16/fe/6a/16fe6a77-f15a-a4e3-1f92-cda58964c7d5/source/30x30bb.jpg,1.29,notExplicit,3.0,1.0,7.0,285000.0,True,,
12,track,136975,1441133180,The Beatles,The Beatles (The White Album),The Beatles (The White Album),https://music.apple.com/us/artist/the-beatles/136975?uo=4,https://music.apple.com/us/album/birthday/1441133180?i=1441134086&uo=4,https://is3-ssl.mzstatic.com/image/thumb/Music125/v4/16/fe/6a/16fe6a77-f15a-a4e3-1f92-cda58964c7d5/source/60x60bb.jpg,https://is3-ssl.mzstatic.com/image/thumb/Music125/v4/16/fe/6a/16fe6a77-f15a-a4e3-1f92-cda58964c7d5/source/100x100bb.jpg,19.99,notExplicit,13,USA,USD,1968-11-22T12:00:00Z,Rock,https://audio-ssl.itunes.apple.com/itunes-assets/AudioPreview115/v4/82/c9/8a/82c98aa5-78d4-e009-8444-93c7c2ad9e55/mzaf_10769763491539067305.plus.aac.p.m4a,,song,1441134086.0,Birthday,Birthday,https://music.apple.com/us/album/birthday/1441133180?i=1441134086&uo=4,https://is3-ssl.mzstatic.com/image/thumb/Music125/v4/16/fe/6a/16fe6a77-f15a-a4e3-1f92-cda58964c7d5/source/30x30bb.jpg,1.29,notExplicit,3.0,2.0,1.0,162080.0,True,,
13,track,136975,1441133180,The Beatles,The Beatles (The White Album),The Beatles (The White Album),https://music.apple.com/us/artist/the-beatles/136975?uo=4,https://music.apple.com/us/album/back-in-the-u-s-s-r/1441133180?i=1441133197&uo=4,https://is3-ssl.mzstatic.com/image/thumb/Music125/v4/16/fe/6a/16fe6a77-f15a-a4e3-1f92-cda58964c7d5/source/60x60bb.jpg,https://is3-ssl.mzstatic.com/image/thumb/Music125/v4/16/fe/6a/16fe6a77-f15a-a4e3-1f92-cda58964c7d5/source/100x100bb.jpg,19.99,notExplicit,17,USA,USD,1968-11-22T12:00:00Z,Pop,https://audio-ssl.itunes.apple.com/itunes-assets/AudioPreview115/v4/92/db/7e/92db7eb0-73df-11a5-c0f8-3c09b49ba10d/mzaf_12637010066616668216.plus.aac.p.m4a,,song,1441133197.0,Back In the U.S.S.R.,Back In the U.S.S.R.,https://music.apple.com/us/album/back-in-the-u-s-s-r/1441133180?i=1441133197&uo=4,https://is3-ssl.mzstatic.com/image/thumb/Music125/v4/16/fe/6a/16fe6a77-f15a-a4e3-1f92-cda58964c7d5/source/30x30bb.jpg,1.29,notExplicit,3.0,1.0,1.0,162453.0,True,,
14,track,136975,1441133180,The Beatles,The Beatles (The White Album),The Beatles (The White Album),https://music.apple.com/us/artist/the-beatles/136975?uo=4,https://music.apple.com/us/album/dear-prudence/1441133180?i=1441133428&uo=4,https://is3-ssl.mzstatic.com/image/thumb/Music125/v4/16/fe/6a/16fe6a77-f15a-a4e3-1f92-cda58964c7d5/source/60x60bb.jpg,https://is3-ssl.mzstatic.com/image/thumb/Music125/v4/16/fe/6a/16fe6a77-f15a-a4e3-1f92-cda58964c7d5/source/100x100bb.jpg,19.99,notExplicit,17,USA,USD,1968-11-22T12:00:00Z,Pop,https://audio-ssl.itunes.apple.com/itunes-assets/AudioPreview115/v4/88/1c/72/881c723e-9bd5-0619-c803-4022e4da642a/mzaf_2961717660523968849.plus.aac.p.m4a,,song,1441133428.0,Dear Prudence,Dear Prudence,https://music.apple.com/us/album/dear-prudence/1441133180?i=1441133428&uo=4,https://is3-ssl.mzstatic.com/image/thumb/Music125/v4/16/fe/6a/16fe6a77-f15a-a4e3-1f92-cda58964c7d5/source/30x30bb.jpg,1.29,notExplicit,3.0,1.0,2.0,235773.0,True,,
15,track,136975,1474815798,The Beatles,Abbey Road (2019 Mix),Abbey Road (2019 Mix),https://music.apple.com/us/artist/the-beatles/136975?uo=4,https://music.apple.com/us/album/here-comes-the-sun-2019-mix/1474815798?i=1474815898&uo=4,https://is2-ssl.mzstatic.com/image/thumb/Music114/v4/2a/f9/04/2af904cd-f05a-d5a1-8014-c1387855b56c/source/60x60bb.jpg,https://is2-ssl.mzstatic.com/image/thumb/Music114/v4/2a/f9/04/2af904cd-f05a-d5a1-8014-c1387855b56c/source/100x100bb.jpg,9.99,notExplicit,17,USA,USD,1969-09-26T12:00:00Z,Rock,https://audio-ssl.itunes.apple.com/itunes-assets/AudioPreview125/v4/78/18/cc/7818cce5-1c20-1270-a9bf-b24e4be8c152/mzaf_7407478495292373909.plus.aac.p.m4a,,song,1474815898.0,Here Comes the Sun,Here Comes the Sun (2019 Mix),https://music.apple.com/us/album/here-comes-the-sun-2019-mix/1474815798?i=1474815898&uo=4,https://is2-ssl.mzstatic.com/image/thumb/Music114/v4/2a/f9/04/2af904cd-f05a-d5a1-8014-c1387855b56c/source/30x30bb.jpg,1.29,notExplicit,1.0,1.0,7.0,185707.0,True,,
16,track,136975,1441133180,The Beatles,The Beatles (The White Album),The Beatles (The White Album),https://music.apple.com/us/artist/the-beatles/136975?uo=4,https://music.apple.com/us/album/rocky-raccoon/1441133180?i=1441133857&uo=4,https://is3-ssl.mzstatic.com/image/thumb/Music125/v4/16/fe/6a/16fe6a77-f15a-a4e3-1f92-cda58964c7d5/source/60x60bb.jpg,https://is3-ssl.mzstatic.com/image/thumb/Music125/v4/16/fe/6a/16fe6a77-f15a-a4e3-1f92-cda58964c7d5/source/100x100bb.jpg,19.99,notExplicit,17,USA,USD,1968-11-22T12:00:00Z,Rock,https://audio-ssl.itunes.apple.com/itunes-assets/AudioPreview125/v4/67/d5/56/67d5563f-1636-8d19-fd6a-451dddcd2929/mzaf_15933613684822892611.plus.aac.p.m4a,,song,1441133857.0,Rocky Raccoon,Rocky Raccoon,https://music.apple.com/us/album/rocky-raccoon/1441133180?i=1441133857&uo=4,https://is3-ssl.mzstatic.com/image/thumb/Music125/v4/16/fe/6a/16fe6a77-f15a-a4e3-1f92-cda58964c7d5/source/30x30bb.jpg,1.29,notExplicit,3.0,1.0,13.0,213107.0,True,,
17,track,136975,1441133100,The Beatles,The Beatles 1967-1970 (The Blue Album),The Beatles 1967-1970 (The Blue Album),https://music.apple.com/us/artist/the-beatles/136975?uo=4,https://music.apple.com/us/album/strawberry-fields-forever/1441133100?i=1441133101&uo=4,https://is1-ssl.mzstatic.com/image/thumb/Music125/v4/27/7e/ef/277eefc6-f30a-cf5d-6e84-a80c435f36b0/source/60x60bb.jpg,https://is1-ssl.mzstatic.com/image/thumb/Music125/v4/27/7e/ef/277eefc6-f30a-cf5d-6e84-a80c435f36b0/source/100x100bb.jpg,19.99,notExplicit,14,USA,USD,1967-02-13T12:00:00Z,Rock,https://audio-ssl.itunes.apple.com/itunes-assets/AudioPreview115/v4/10/b1/83/10b18366-925f-96e3-385a-c559c0524450/mzaf_16297552873588091577.plus.aac.p.m4a,,song,1441133101.0,Strawberry Fields Forever,Strawberry Fields Forever,https://music.apple.com/us/album/strawberry-fields-forever/1441133100?i=1441133101&uo=4,https://is1-ssl.mzstatic.com/image/thumb/Music125/v4/27/7e/ef/277eefc6-f30a-cf5d-6e84-a80c435f36b0/source/30x30bb.jpg,1.29,notExplicit,2.0,1.0,1.0,247933.0,True,,
18,track,136975,1441133180,The Beatles,The Beatles (The White Album),The Beatles (The White Album),https://music.apple.com/us/artist/the-beatles/136975?uo=4,https://music.apple.com/us/album/helter-skelter/1441133180?i=1441134207&uo=4,https://is3-ssl.mzstatic.com/image/thumb/Music125/v4/16/fe/6a/16fe6a77-f15a-a4e3-1f92-cda58964c7d5/source/60x60bb.jpg,https://is3-ssl.mzstatic.com/image/thumb/Music125/v4/16/fe/6a/16fe6a77-f15a-a4e3-1f92-cda58964c7d5/source/100x100bb.jpg,19.99,notExplicit,13,USA,USD,1968-11-22T12:00:00Z,Rock,https://audio-ssl.itunes.apple.com/itunes-assets/AudioPreview115/v4/7f/b2/18/7fb218e8-a685-34e1-2e3e-47bd8363fe39/mzaf_8246299374262626688.plus.aac.p.m4a,,song,1441134207.0,Helter Skelter,Helter Skelter,https://music.apple.com/us/album/helter-skelter/1441133180?i=1441134207&uo=4,https://is3-ssl.mzstatic.com/image/thumb/Music125/v4/16/fe/6a/16fe6a77-f15a-a4e3-1f92-cda58964c7d5/source/30x30bb.jpg,1.29,notExplicit,3.0,2.0,6.0,269787.0,True,,
19,track,136975,1441133100,The Beatles,The Beatles 1967-1970 (The Blue Album),The Beatles 1967-1970 (The Blue Album),https://music.apple.com/us/artist/the-beatles/136975?uo=4,https://music.apple.com/us/album/dont-let-me-down/1441133100?i=1441133286&uo=4,https://is1-ssl.mzstatic.com/image/thumb/Music125/v4/27/7e/ef/277eefc6-f30a-cf5d-6e84-a80c435f36b0/source/60x60bb.jpg,https://is1-ssl.mzstatic.com/image/thumb/Music125/v4/27/7e/ef/277eefc6-f30a-cf5d-6e84-a80c435f36b0/source/100x100bb.jpg,19.99,notExplicit,14,USA,USD,1969-04-11T12:00:00Z,Rock,https://audio-ssl.itunes.apple.com/itunes-assets/AudioPreview125/v4/0b/e7/46/0be74617-9752-198e-df1b-f89411ecfc89/mzaf_16981752119552345332.plus.aac.p.m4a,,song,1441133286.0,Don't Let Me Down,Don't Let Me Down,https://music.apple.com/us/album/dont-let-me-down/1441133100?i=1441133286&uo=4,https://is1-ssl.mzstatic.com/image/thumb/Music125/v4/27/7e/ef/277eefc6-f30a-cf5d-6e84-a80c435f36b0/source/30x30bb.jpg,1.29,notExplicit,2.0,2.0,5.0,215733.0,True,,
20,track,136975,1441133180,The Beatles,The Beatles (The White Album),The Beatles (The White Album),https://music.apple.com/us/artist/the-beatles/136975?uo=4,https://music.apple.com/us/album/i-will/1441133180?i=1441133910&uo=4,https://is3-ssl.mzstatic.com/image/thumb/Music125/v4/16/fe/6a/16fe6a77-f15a-a4e3-1f92-cda58964c7d5/source/60x60bb.jpg,https://is3-ssl.mzstatic.com/image/thumb/Music125/v4/16/fe/6a/16fe6a77-f15a-a4e3-1f92-cda58964c7d5/source/100x100bb.jpg,19.99,notExplicit,17,USA,USD,1968-11-22T12:00:00Z,Rock,https://audio-ssl.itunes.apple.com/itunes-assets/AudioPreview115/v4/5f/f1/32/5ff13279-7003-5906-00a4-2ee6695e366e/mzaf_8537106126305816357.plus.aac.p.m4a,,song,1441133910.0,I Will,I Will,https://music.apple.com/us/album/i-will/1441133180?i=1441133910&uo=4,https://is3-ssl.mzstatic.com/image/thumb/Music125/v4/16/fe/6a/16fe6a77-f15a-a4e3-1f92-cda58964c7d5/source/30x30bb.jpg,1.29,notExplicit,3.0,1.0,16.0,105933.0,True,,
21,track,136975,1441133180,The Beatles,The Beatles (The White Album),The Beatles (The White Album),https://music.apple.com/us/artist/the-beatles/136975?uo=4,https://music.apple.com/us/album/happiness-is-a-warm-gun/1441133180?i=1441133681&uo=4,https://is3-ssl.mzstatic.com/image/thumb/Music125/v4/16/fe/6a/16fe6a77-f15a-a4e3-1f92-cda58964c7d5/source/60x60bb.jpg,https://is3-ssl.mzstatic.com/image/thumb/Music125/v4/16/fe/6a/16fe6a77-f15a-a4e3-1f92-cda58964c7d5/source/100x100bb.jpg,19.99,notExplicit,17,USA,USD,1968-11-22T12:00:00Z,Rock,https://audio-ssl.itunes.apple.com/itunes-assets/AudioPreview115/v4/15/e6/ee/15e6eec1-f108-e81c-23b5-266c678a584e/mzaf_9789711783485346692.plus.aac.p.m4a,,song,1441133681.0,Happiness Is a Warm Gun,Happiness Is a Warm Gun,https://music.apple.com/us/album/happiness-is-a-warm-gun/1441133180?i=1441133681&uo=4,https://is3-ssl.mzstatic.com/image/thumb/Music125/v4/16/fe/6a/16fe6a77-f15a-a4e3-1f92-cda58964c7d5/source/30x30bb.jpg,1.29,notExplicit,3.0,1.0,8.0,164547.0,True,,
22,track,136975,1441133100,The Beatles,The Beatles 1967-1970 (The Blue Album),The Beatles 1967-1970 (The Blue Album),https://music.apple.com/us/artist/the-beatles/136975?uo=4,https://music.apple.com/us/album/i-am-the-walrus/1441133100?i=1441133272&uo=4,https://is1-ssl.mzstatic.com/image/thumb/Music125/v4/27/7e/ef/277eefc6-f30a-cf5d-6e84-a80c435f36b0/source/60x60bb.jpg,https://is1-ssl.mzstatic.com/image/thumb/Music125/v4/27/7e/ef/277eefc6-f30a-cf5d-6e84-a80c435f36b0/source/100x100bb.jpg,19.99,notExplicit,14,USA,USD,1967-11-24T12:00:00Z,Rock,https://audio-ssl.itunes.apple.com/itunes-assets/AudioPreview115/v4/d1/84/e4/d184e42f-33c2-75a1-01a8-77dc62fc41fc/mzaf_7533979701230376452.plus.aac.p.m4a,,song,1441133272.0,I Am the Walrus,I Am the Walrus,https://music.apple.com/us/album/i-am-the-walrus/1441133100?i=1441133272&uo=4,https://is1-ssl.mzstatic.com/image/thumb/Music125/v4/27/7e/ef/277eefc6-f30a-cf5d-6e84-a80c435f36b0/source/30x30bb.jpg,1.29,notExplicit,2.0,1.0,8.0,275680.0,True,,
23,track,136975,1441133180,The Beatles,The Beatles (The White Album),The Beatles (The White Album),https://music.apple.com/us/artist/the-beatles/136975?uo=4,https://music.apple.com/us/album/mother-natures-son/1441133180?i=1441134096&uo=4,https://is3-ssl.mzstatic.com/image/thumb/Music125/v4/16/fe/6a/16fe6a77-f15a-a4e3-1f92-cda58964c7d5/source/60x60bb.jpg,https://is3-ssl.mzstatic.com/image/thumb/Music125/v4/16/fe/6a/16fe6a77-f15a-a4e3-1f92-cda58964c7d5/source/100x100bb.jpg,19.99,notExplicit,13,USA,USD,1968-11-22T12:00:00Z,Rock,https://audio-ssl.itunes.apple.com/itunes-assets/AudioPreview115/v4/76/fe/ab/76feabca-f20b-01a5-8010-e2bed8f89e2e/mzaf_317297301474140551.plus.aac.p.m4a,,song,1441134096.0,Mother Nature's Son,Mother Nature's Son,https://music.apple.com/us/album/mother-natures-son/1441133180?i=1441134096&uo=4,https://is3-ssl.mzstatic.com/image/thumb/Music125/v4/16/fe/6a/16fe6a77-f15a-a4e3-1f92-cda58964c7d5/source/30x30bb.jpg,1.29,notExplicit,3.0,2.0,3.0,168027.0,True,,
24,track,136975,1441132965,The Beatles,The Beatles 1962-1966 (The Red Album),The Beatles 1962-1966 (The Red Album),https://music.apple.com/us/artist/the-beatles/136975?uo=4,https://music.apple.com/us/album/i-want-to-hold-your-hand/1441132965?i=1441133348&uo=4,https://is4-ssl.mzstatic.com/image/thumb/Music114/v4/1e/6a/db/1e6adb66-2feb-87b0-6649-af8c11d2fa29/source/60x60bb.jpg,https://is4-ssl.mzstatic.com/image/thumb/Music114/v4/1e/6a/db/1e6adb66-2feb-87b0-6649-af8c11d2fa29/source/100x100bb.jpg,19.99,notExplicit,13,USA,USD,1963-11-29T12:00:00Z,Rock,https://audio-ssl.itunes.apple.com/itunes-assets/AudioPreview115/v4/22/f3/50/22f350ed-0b23-faf7-4de1-f347407709ba/mzaf_9517644380742926768.plus.aac.p.m4a,,song,1441133348.0,I Want to Hold Your Hand,I Want to Hold Your Hand,https://music.apple.com/us/album/i-want-to-hold-your-hand/1441132965?i=1441133348&uo=4,https://is4-ssl.mzstatic.com/image/thumb/Music114/v4/1e/6a/db/1e6adb66-2feb-87b0-6649-af8c11d2fa29/source/30x30bb.jpg,1.29,notExplicit,2.0,1.0,5.0,146720.0,True,,
25,track,136975,1441133100,The Beatles,The Beatles 1967-1970 (The Blue Album),The Beatles 1967-1970 (The Blue Album),https://music.apple.com/us/artist/the-beatles/136975?uo=4,https://music.apple.com/us/album/hello-goodbye/1441133100?i=1441133273&uo=4,https://is1-ssl.mzstatic.com/image/thumb/Music125/v4/27/7e/ef/277eefc6-f30a-cf5d-6e84-a80c435f36b0/source/60x60bb.jpg,https://is1-ssl.mzstatic.com/image/thumb/Music125/v4/27/7e/ef/277eefc6-f30a-cf5d-6e84-a80c435f36b0/source/100x100bb.jpg,19.99,notExplicit,14,USA,USD,1967-11-24T12:00:00Z,Rock,https://audio-ssl.itunes.apple.com/itunes-assets/AudioPreview125/v4/cf/df/3b/cfdf3bf8-cee3-1312-fe3e-1b9db133550b/mzaf_648629569154526151.plus.aac.p.m4a,,song,1441133273.0,"Hello, Goodbye","Hello, Goodbye",https://music.apple.com/us/album/hello-goodbye/1441133100?i=1441133273&uo=4,https://is1-ssl.mzstatic.com/image/thumb/Music125/v4/27/7e/ef/277eefc6-f30a-cf5d-6e84-a80c435f36b0/source/30x30bb.jpg,1.29,notExplicit,2.0,1.0,9.0,209893.0,True,,
26,track,136975,1441133180,The Beatles,The Beatles (The White Album),The Beatles (The White Album),https://music.apple.com/us/artist/the-beatles/136975?uo=4,https://music.apple.com/us/album/julia/1441133180?i=1441133915&uo=4,https://is3-ssl.mzstatic.com/image/thumb/Music125/v4/16/fe/6a/16fe6a77-f15a-a4e3-1f92-cda58964c7d5/source/60x60bb.jpg,https://is3-ssl.mzstatic.com/image/thumb/Music125/v4/16/fe/6a/16fe6a77-f15a-a4e3-1f92-cda58964c7d5/source/100x100bb.jpg,19.99,notExplicit,17,USA,USD,1968-11-22T12:00:00Z,Rock,https://audio-ssl.itunes.apple.com/itunes-assets/AudioPreview115/v4/af/b1/a6/afb1a6db-9fbf-849b-8429-ad6bb92e92de/mzaf_14380737951102381133.plus.aac.p.m4a,,song,1441133915.0,Julia,Julia,https://music.apple.com/us/album/julia/1441133180?i=1441133915&uo=4,https://is3-ssl.mzstatic.com/image/thumb/Music125/v4/16/fe/6a/16fe6a77-f15a-a4e3-1f92-cda58964c7d5/source/30x30bb.jpg,1.29,notExplicit,3.0,1.0,17.0,174672.0,True,,
27,track,27068619,390798460,Shy Child,Liquid Love,Liquid Love,https://music.apple.com/us/artist/shy-child/27068619?uo=4,https://music.apple.com/us/album/the-beatles/390798460?i=390798510&uo=4,https://is3-ssl.mzstatic.com/image/thumb/Music/v4/7c/ec/4d/7cec4d65-4077-8cfe-83c4-e3b6bf2abaaf/source/60x60bb.jpg,https://is3-ssl.mzstatic.com/image/thumb/Music/v4/7c/ec/4d/7cec4d65-4077-8cfe-83c4-e3b6bf2abaaf/source/100x100bb.jpg,6.99,notExplicit,11,USA,USD,2010-03-15T12:00:00Z,Dance,https://audio-ssl.itunes.apple.com/itunes-assets/AudioPreview115/v4/a8/41/60/a841604e-ae62-6ab3-c818-90af7bd1fde5/mzaf_7049348694798606016.plus.aac.p.m4a,,song,390798510.0,The Beatles,The Beatles,https://music.apple.com/us/album/the-beatles/390798460?i=390798510&uo=4,https://is3-ssl.mzstatic.com/image/thumb/Music/v4/7c/ec/4d/7cec4d65-4077-8cfe-83c4-e3b6bf2abaaf/source/30x30bb.jpg,0.99,notExplicit,1.0,1.0,5.0,264200.0,True,,
28,track,136975,1441133100,The Beatles,The Beatles 1967-1970 (The Blue Album),The Beatles 1967-1970 (The Blue Album),https://music.apple.com/us/artist/the-beatles/136975?uo=4,https://music.apple.com/us/album/across-the-universe/1441133100?i=1441133506&uo=4,https://is1-ssl.mzstatic.com/image/thumb/Music125/v4/27/7e/ef/277eefc6-f30a-cf5d-6e84-a80c435f36b0/source/60x60bb.jpg,https://is1-ssl.mzstatic.com/image/thumb/Music125/v4/27/7e/ef/277eefc6-f30a-cf5d-6e84-a80c435f36b0/source/100x100bb.jpg,19.99,notExplicit,14,USA,USD,1969-12-12T12:00:00Z,Rock,https://audio-ssl.itunes.apple.com/itunes-assets/AudioPreview115/v4/87/b3/a9/87b3a90f-3186-e76d-e890-9d572130b420/mzaf_9448094751682817414.plus.aac.p.m4a,,song,1441133506.0,Across the Universe,Across the Universe,https://music.apple.com/us/album/across-the-universe/1441133100?i=1441133506&uo=4,https://is1-ssl.mzstatic.com/image/thumb/Music125/v4/27/7e/ef/277eefc6-f30a-cf5d-6e84-a80c435f36b0/source/30x30bb.jpg,1.29,notExplicit,2.0,2.0,13.0,229787.0,True,,
29,track,136975,1441133180,The Beatles,The Beatles (The White Album),The Beatles (The White Album),https://music.apple.com/us/artist/the-beatles/136975?uo=4,https://music.apple.com/us/album/everybodys-got-something-to-hide-except-me-and-my-monkey/1441133180?i=1441134192&uo=4,https://is3-ssl.mzstatic.com/image/thumb/Music125/v4/16/fe/6a/16fe6a77-f15a-a4e3-1f92-cda58964c7d5/source/60x60bb.jpg,https://is3-ssl.mzstatic.com/image/thumb/Music125/v4/16/fe/6a/16fe6a77-f15a-a4e3-1f92-cda58964c7d5/source/100x100bb.jpg,19.99,notExplicit,13,USA,USD,1968-11-22T12:00:00Z,Rock,https://audio-ssl.itunes.apple.com/itunes-assets/AudioPreview125/v4/35/21/4f/35214f7d-ba15-e9d1-02c0-d342e3c1a242/mzaf_8771911246254417231.plus.aac.p.m4a,,song,1441134192.0,Everybody's Got Something to Hide Except Me and My Monkey,Everybody's Got Something to Hide Except Me and My Monkey,https://music.apple.com/us/album/everybodys-got-something-to-hide-except-me-and-my-monkey/1441133180?i=1441134192&uo=4,https://is3-ssl.mzstatic.com/image/thumb/Music125/v4/16/fe/6a/16fe6a77-f15a-a4e3-1f92-cda58964c7d5/source/30x30bb.jpg,1.29,notExplicit,3.0,2.0,4.0,144773.0,True,,
30,track,136975,1441133100,The Beatles,The Beatles 1967-1970 (The Blue Album),The Beatles 1967-1970 (The Blue Album),https://music.apple.com/us/artist/the-beatles/136975?uo=4,https://music.apple.com/us/album/lucy-in-the-sky-with-diamonds/1441133100?i=1441133268&uo=4,https://is1-ssl.mzstatic.com/image/thumb/Music125/v4/27/7e/ef/277eefc6-f30a-cf5d-6e84-a80c435f36b0/source/60x60bb.jpg,https://is1-ssl.mzstatic.com/image/thumb/Music125/v4/27/7e/ef/277eefc6-f30a-cf5d-6e84-a80c435f36b0/source/100x100bb.jpg,19.99,notExplicit,14,USA,USD,1967-06-01T12:00:00Z,Rock,https://audio-ssl.itunes.apple.com/itunes-assets/AudioPreview125/v4/13/78/52/137852fa-8c60-8784-e971-cfa9e4d3dbc4/mzaf_409171316292759629.plus.aac.p.m4a,,song,1441133268.0,Lucy In the Sky with Diamonds,Lucy In the Sky with Diamonds,https://music.apple.com/us/album/lucy-in-the-sky-with-diamonds/1441133100?i=1441133268&uo=4,https://is1-ssl.mzstatic.com/image/thumb/Music125/v4/27/7e/ef/277eefc6-f30a-cf5d-6e84-a80c435f36b0/source/30x30bb.jpg,1.29,notExplicit,2.0,1.0,5.0,209667.0,True,,
31,track,136975,1441133180,The Beatles,The Beatles (The White Album),The Beatles (The White Album),https://music.apple.com/us/artist/the-beatles/136975?uo=4,https://music.apple.com/us/album/why-dont-we-do-it-in-the-road/1441133180?i=1441133902&uo=4,https://is3-ssl.mzstatic.com/image/thumb/Music125/v4/16/fe/6a/16fe6a77-f15a-a4e3-1f92-cda58964c7d5/source/60x60bb.jpg,https://is3-ssl.mzstatic.com/image/thumb/Music125/v4/16/fe/6a/16fe6a77-f15a-a4e3-1f92-cda58964c7d5/source/100x100bb.jpg,19.99,notExplicit,17,USA,USD,1968-11-22T12:00:00Z,Pop,https://audio-ssl.itunes.apple.com/itunes-assets/AudioPreview125/v4/3e/52/fd/3e52fdbd-f190-826f-f826-3c8765843a15/mzaf_8598324598359201603.plus.aac.p.m4a,,song,1441133902.0,Why Don't We Do It In the Road?,Why Don't We Do It In the Road?,https://music.apple.com/us/album/why-dont-we-do-it-in-the-road/1441133180?i=1441133902&uo=4,https://is3-ssl.mzstatic.com/image/thumb/Music125/v4/16/fe/6a/16fe6a77-f15a-a4e3-1f92-cda58964c7d5/source/30x30bb.jpg,1.29,notExplicit,3.0,1.0,15.0,101160.0,True,,
32,track,829356035,1440842514,Rae Sremmurd,SremmLife 2 (Deluxe),SremmLife 2 (Deluxe),https://music.apple.com/us/artist/rae-sremmurd/829356035?uo=4,https://music.apple.com/us/album/black-beatles-feat-gucci-mane/1440842514?i=1440842851&uo=4,https://is5-ssl.mzstatic.com/image/thumb/Music124/v4/07/a9/fe/07a9fe35-2484-baa7-c4ae-f6c7cfdc8c84/source/60x60bb.jpg,https://is5-ssl.mzstatic.com/image/thumb/Music124/v4/07/a9/fe/07a9fe35-2484-baa7-c4ae-f6c7cfdc8c84/source/100x100bb.jpg,10.99,cleaned,14,USA,USD,2016-08-12T12:00:00Z,Hip-Hop/Rap,https://audio-ssl.itunes.apple.com/itunes-assets/AudioPreview115/v4/15/13/d2/1513d27e-466f-ca2f-ca29-5cde087cbc80/mzaf_10138451372715504636.plus.aac.p.m4a,,song,1440842851.0,Black Beatles (feat. Gucci Mane),Black Beatles (feat. Gucci Mane),https://music.apple.com/us/album/black-beatles-feat-gucci-mane/1440842514?i=1440842851&uo=4,https://is5-ssl.mzstatic.com/image/thumb/Music124/v4/07/a9/fe/07a9fe35-2484-baa7-c4ae-f6c7cfdc8c84/source/30x30bb.jpg,1.29,cleaned,1.0,1.0,5.0,291890.0,True,,Clean
33,track,136975,1474815798,The Beatles,Abbey Road (2019 Mix),Abbey Road (2019 Mix),https://music.apple.com/us/artist/the-beatles/136975?uo=4,https://music.apple.com/us/album/come-together-2019-mix/1474815798?i=1474815799&uo=4,https://is2-ssl.mzstatic.com/image/thumb/Music114/v4/2a/f9/04/2af904cd-f05a-d5a1-8014-c1387855b56c/source/60x60bb.jpg,https://is2-ssl.mzstatic.com/image/thumb/Music114/v4/2a/f9/04/2af904cd-f05a-d5a1-8014-c1387855b56c/source/100x100bb.jpg,9.99,notExplicit,17,USA,USD,1969-09-26T12:00:00Z,Rock,https://audio-ssl.itunes.apple.com/itunes-assets/AudioPreview115/v4/79/1a/b0/791ab082-6e6e-cef6-7654-3b32877e15f8/mzaf_12539242327411432039.plus.aac.p.m4a,,song,1474815799.0,Come Together,Come Together (2019 Mix),https://music.apple.com/us/album/come-together-2019-mix/1474815798?i=1474815799&uo=4,https://is2-ssl.mzstatic.com/image/thumb/Music114/v4/2a/f9/04/2af904cd-f05a-d5a1-8014-c1387855b56c/source/30x30bb.jpg,1.29,notExplicit,1.0,1.0,1.0,260200.0,True,,
34,track,136975,1441133180,The Beatles,The Beatles (The White Album),The Beatles (The White Album),https://music.apple.com/us/artist/the-beatles/136975?uo=4,https://music.apple.com/us/album/cry-baby-cry/1441133180?i=1441134477&uo=4,https://is3-ssl.mzstatic.com/image/thumb/Music125/v4/16/fe/6a/16fe6a77-f15a-a4e3-1f92-cda58964c7d5/source/60x60bb.jpg,https://is3-ssl.mzstatic.com/image/thumb/Music125/v4/16/fe/6a/16fe6a77-f15a-a4e3-1f92-cda58964c7d5/source/100x100bb.jpg,19.99,notExplicit,13,USA,USD,1968-11-22T12:00:00Z,Rock,https://audio-ssl.itunes.apple.com/itunes-assets/AudioPreview125/v4/b5/8f/77/b58f772b-cfe2-6c51-b789-327a6d518f6f/mzaf_6834851729795768369.plus.aac.p.m4a,,song,1441134477.0,Cry Baby Cry,Cry Baby Cry,https://music.apple.com/us/album/cry-baby-cry/1441133180?i=1441134477&uo=4,https://is3-ssl.mzstatic.com/image/thumb/Music125/v4/16/fe/6a/16fe6a77-f15a-a4e3-1f92-cda58964c7d5/source/30x30bb.jpg,1.29,notExplicit,3.0,2.0,11.0,182080.0,True,,
35,track,136975,1582219768,The Beatles,Let It Be (2021 Mix),Let It Be (2021 Mix),https://music.apple.com/us/artist/the-beatles/136975?uo=4,https://music.apple.com/us/album/let-it-be-2021-mix/1582219768?i=1582223667&uo=4,https://is5-ssl.mzstatic.com/image/thumb/Music115/v4/69/79/c2/6979c26c-4fe5-3b45-0b9e-588cc9cd0687/source/60x60bb.jpg,https://is5-ssl.mzstatic.com/image/thumb/Music115/v4/69/79/c2/6979c26c-4fe5-3b45-0b9e-588cc9cd0687/source/100x100bb.jpg,9.99,notExplicit,12,USA,USD,2021-08-28T07:00:00Z,Rock,https://audio-ssl.itunes.apple.com/itunes-assets/AudioPreview125/v4/87/9a/e6/879ae67e-5488-bae4-f4cf-dc2680e50002/mzaf_12599982785820130194.plus.aac.p.m4a,,song,1582223667.0,Let It Be,Let It Be (2021 Mix),https://music.apple.com/us/album/let-it-be-2021-mix/1582219768?i=1582223667&uo=4,https://is5-ssl.mzstatic.com/image/thumb/Music115/v4/69/79/c2/6979c26c-4fe5-3b45-0b9e-588cc9cd0687/source/30x30bb.jpg,1.29,notExplicit,1.0,1.0,6.0,243173.0,True,,
36,track,136975,1441133100,The Beatles,The Beatles 1967-1970 (The Blue Album),The Beatles 1967-1970 (The Blue Album),https://music.apple.com/us/artist/the-beatles/136975?uo=4,https://music.apple.com/us/album/let-it-be/1441133100?i=1441133505&uo=4,https://is1-ssl.mzstatic.com/image/thumb/Music125/v4/27/7e/ef/277eefc6-f30a-cf5d-6e84-a80c435f36b0/source/60x60bb.jpg,https://is1-ssl.mzstatic.com/image/thumb/Music125/v4/27/7e/ef/277eefc6-f30a-cf5d-6e84-a80c435f36b0/source/100x100bb.jpg,19.99,notExplicit,14,USA,USD,1970-03-06T12:00:00Z,Rock,https://audio-ssl.itunes.apple.com/itunes-assets/AudioPreview115/v4/7a/a5/46/7aa5461c-0ed9-d365-69f8-8777c701c7f4/mzaf_8336501621934312211.plus.aac.p.m4a,,song,1441133505.0,Let It Be,Let It Be,https://music.apple.com/us/album/let-it-be/1441133100?i=1441133505&uo=4,https://is1-ssl.mzstatic.com/image/thumb/Music125/v4/27/7e/ef/277eefc6-f30a-cf5d-6e84-a80c435f36b0/source/30x30bb.jpg,1.29,notExplicit,2.0,2.0,12.0,232373.0,True,,
37,track,136975,1441133100,The Beatles,The Beatles 1967-1970 (The Blue Album),The Beatles 1967-1970 (The Blue Album),https://music.apple.com/us/artist/the-beatles/136975?uo=4,https://music.apple.com/us/album/here-comes-the-sun/1441133100?i=1441133289&uo=4,https://is1-ssl.mzstatic.com/image/thumb/Music125/v4/27/7e/ef/277eefc6-f30a-cf5d-6e84-a80c435f36b0/source/60x60bb.jpg,https://is1-ssl.mzstatic.com/image/thumb/Music125/v4/27/7e/ef/277eefc6-f30a-cf5d-6e84-a80c435f36b0/source/100x100bb.jpg,19.99,notExplicit,14,USA,USD,1969-09-26T12:00:00Z,Rock,https://audio-ssl.itunes.apple.com/itunes-assets/AudioPreview125/v4/07/2a/55/072a55e7-9ae3-f032-cc30-d59609956b6c/mzaf_5324579246921704668.plus.aac.p.m4a,,song,1441133289.0,Here Comes the Sun,Here Comes the Sun,https://music.apple.com/us/album/here-comes-the-sun/1441133100?i=1441133289&uo=4,https://is1-ssl.mzstatic.com/image/thumb/Music125/v4/27/7e/ef/277eefc6-f30a-cf5d-6e84-a80c435f36b0/source/30x30bb.jpg,1.29,notExplicit,2.0,2.0,8.0,187373.0,True,,
38,track,136975,1441133100,The Beatles,The Beatles 1967-1970 (The Blue Album),The Beatles 1967-1970 (The Blue Album),https://music.apple.com/us/artist/the-beatles/136975?uo=4,https://music.apple.com/us/album/penny-lane/1441133100?i=1441133102&uo=4,https://is1-ssl.mzstatic.com/image/thumb/Music125/v4/27/7e/ef/277eefc6-f30a-cf5d-6e84-a80c435f36b0/source/60x60bb.jpg,https://is1-ssl.mzstatic.com/image/thumb/Music125/v4/27/7e/ef/277eefc6-f30a-cf5d-6e84-a80c435f36b0/source/100x100bb.jpg,19.99,notExplicit,14,USA,USD,1967-02-13T12:00:00Z,Rock,https://audio-ssl.itunes.apple.com/itunes-assets/AudioPreview115/v4/51/82/e5/5182e5e1-f680-0112-7980-c5d89f8c3c7d/mzaf_13384762406387141754.plus.aac.p.m4a,,song,1441133102.0,Penny Lane,Penny Lane,https://music.apple.com/us/album/penny-lane/1441133100?i=1441133102&uo=4,https://is1-ssl.mzstatic.com/image/thumb/Music125/v4/27/7e/ef/277eefc6-f30a-cf5d-6e84-a80c435f36b0/source/30x30bb.jpg,1.29,notExplicit,2.0,1.0,2.0,181600.0,True,,
39,track,136975,1441133180,The Beatles,The Beatles (The White Album),The Beatles (The White Album),https://music.apple.com/us/artist/the-beatles/136975?uo=4,https://music.apple.com/us/album/honey-pie/1441133180?i=1441134393&uo=4,https://is3-ssl.mzstatic.com/image/thumb/Music125/v4/16/fe/6a/16fe6a77-f15a-a4e3-1f92-cda58964c7d5/source/60x60bb.jpg,https://is3-ssl.mzstatic.com/image/thumb/Music125/v4/16/fe/6a/16fe6a77-f15a-a4e3-1f92-cda58964c7d5/source/100x100bb.jpg,19.99,notExplicit,13,USA,USD,1968-11-22T12:00:00Z,Rock,https://audio-ssl.itunes.apple.com/itunes-assets/AudioPreview125/v4/99/7c/96/997c9688-84b2-dc78-5a68-94157a425eec/mzaf_1996502635938580783.plus.aac.p.m4a,,song,1441134393.0,Honey Pie,Honey Pie,https://music.apple.com/us/album/honey-pie/1441133180?i=1441134393&uo=4,https://is3-ssl.mzstatic.com/image/thumb/Music125/v4/16/fe/6a/16fe6a77-f15a-a4e3-1f92-cda58964c7d5/source/30x30bb.jpg,1.29,notExplicit,3.0,2.0,9.0,161160.0,True,,
40,track,136975,1441133180,The Beatles,The Beatles (The White Album),The Beatles (The White Album),https://music.apple.com/us/artist/the-beatles/136975?uo=4,https://music.apple.com/us/music-video/the-beatles-documentary/1441134703?uo=4,https://is2-ssl.mzstatic.com/image/thumb/Video118/v4/99/45/26/99452619-7170-6390-a0b9-81ca068e02f7/source/60x60bb.jpg,https://is2-ssl.mzstatic.com/image/thumb/Video118/v4/99/45/26/99452619-7170-6390-a0b9-81ca068e02f7/source/100x100bb.jpg,19.99,notExplicit,32,USA,USD,2019-05-22T07:00:00Z,Pop,https://video-ssl.itunes.apple.com/itunes-assets/Video128/v4/32/a2/13/32a21383-7e17-e8ae-e0e0-bf6b78144fc0/mzvf_7037047804382233330.640x478.h264lc.U.p.m4v,,music-video,1441134703.0,The Beatles,The Beatles (Documentary),https://music.apple.com/us/music-video/the-beatles-documentary/1441134703?uo=4,https://is2-ssl.mzstatic.com/image/thumb/Video118/v4/99/45/26/99452619-7170-6390-a0b9-81ca068e02f7/source/30x30bb.jpg,1.99,notExplicit,3.0,3.0,1.0,331490.0,,,
41,track,136975,1441132965,The Beatles,The Beatles 1962-1966 (The Red Album),The Beatles 1962-1966 (The Red Album),https://music.apple.com/us/artist/the-beatles/136975?uo=4,https://music.apple.com/us/album/in-my-life/1441132965?i=1441134004&uo=4,https://is4-ssl.mzstatic.com/image/thumb/Music114/v4/1e/6a/db/1e6adb66-2feb-87b0-6649-af8c11d2fa29/source/60x60bb.jpg,https://is4-ssl.mzstatic.com/image/thumb/Music114/v4/1e/6a/db/1e6adb66-2feb-87b0-6649-af8c11d2fa29/source/100x100bb.jpg,19.99,notExplicit,13,USA,USD,1965-12-03T12:00:00Z,Rock,https://audio-ssl.itunes.apple.com/itunes-assets/AudioPreview125/v4/48/20/ef/4820ef58-ce20-b999-5d52-fcfb2c8e4c91/mzaf_1026213659095857597.plus.aac.p.m4a,,song,1441134004.0,In My Life,In My Life,https://music.apple.com/us/album/in-my-life/1441132965?i=1441134004&uo=4,https://is4-ssl.mzstatic.com/image/thumb/Music114/v4/1e/6a/db/1e6adb66-2feb-87b0-6649-af8c11d2fa29/source/30x30bb.jpg,1.29,notExplicit,2.0,2.0,9.0,147227.0,True,,
42,track,136975,1441133180,The Beatles,The Beatles (The White Album),The Beatles (The White Album),https://music.apple.com/us/artist/the-beatles/136975?uo=4,https://music.apple.com/us/album/revolution-1/1441133180?i=1441134376&uo=4,https://is3-ssl.mzstatic.com/image/thumb/Music125/v4/16/fe/6a/16fe6a77-f15a-a4e3-1f92-cda58964c7d5/source/60x60bb.jpg,https://is3-ssl.mzstatic.com/image/thumb/Music125/v4/16/fe/6a/16fe6a77-f15a-a4e3-1f92-cda58964c7d5/source/100x100bb.jpg,19.99,notExplicit,13,USA,USD,1968-11-22T12:00:00Z,Rock,https://audio-ssl.itunes.apple.com/itunes-assets/AudioPreview125/v4/bc/70/d3/bc70d39d-60f9-8957-fa1b-820c6e268584/mzaf_6152385202399959333.plus.aac.p.m4a,,song,1441134376.0,Revolution 1,Revolution 1,https://music.apple.com/us/album/revolution-1/1441133180?i=1441134376&uo=4,https://is3-ssl.mzstatic.com/image/thumb/Music125/v4/16/fe/6a/16fe6a77-f15a-a4e3-1f92-cda58964c7d5/source/30x30bb.jpg,1.29,notExplicit,3.0,2.0,8.0,255707.0,True,,
43,track,136975,1441133100,The Beatles,The Beatles 1967-1970 (The Blue Album),The Beatles 1967-1970 (The Blue Album),https://music.apple.com/us/artist/the-beatles/136975?uo=4,https://music.apple.com/us/album/with-a-little-help-from-my-friends/1441133100?i=1441133267&uo=4,https://is1-ssl.mzstatic.com/image/thumb/Music125/v4/27/7e/ef/277eefc6-f30a-cf5d-6e84-a80c435f36b0/source/60x60bb.jpg,https://is1-ssl.mzstatic.com/image/thumb/Music125/v4/27/7e/ef/277eefc6-f30a-cf5d-6e84-a80c435f36b0/source/100x100bb.jpg,19.99,notExplicit,14,USA,USD,1967-06-01T12:00:00Z,Rock,https://audio-ssl.itunes.apple.com/itunes-assets/AudioPreview125/v4/34/e4/3b/34e43bac-a9a0-0902-c579-1c9666f383fd/mzaf_3788832418702269666.plus.aac.p.m4a,,song,1441133267.0,With a Little Help From My Friends,With a Little Help From My Friends,https://music.apple.com/us/album/with-a-little-help-from-my-friends/1441133100?i=1441133267&uo=4,https://is1-ssl.mzstatic.com/image/thumb/Music125/v4/27/7e/ef/277eefc6-f30a-cf5d-6e84-a80c435f36b0/source/30x30bb.jpg,1.29,notExplicit,2.0,1.0,4.0,164187.0,True,,
44,track,136975,1441133180,The Beatles,The Beatles (The White Album),The Beatles (The White Album),https://music.apple.com/us/artist/the-beatles/136975?uo=4,https://music.apple.com/us/album/martha-my-dear/1441133180?i=1441133690&uo=4,https://is3-ssl.mzstatic.com/image/thumb/Music125/v4/16/fe/6a/16fe6a77-f15a-a4e3-1f92-cda58964c7d5/source/60x60bb.jpg,https://is3-ssl.mzstatic.com/image/thumb/Music125/v4/16/fe/6a/16fe6a77-f15a-a4e3-1f92-cda58964c7d5/source/100x100bb.jpg,19.99,notExplicit,17,USA,USD,1968-11-22T12:00:00Z,Rock,https://audio-ssl.itunes.apple.com/itunes-assets/AudioPreview125/v4/61/bd/35/61bd35fa-c4fa-9dc1-99cc-028e55d45cee/mzaf_3204957169827302601.plus.aac.p.m4a,,song,1441133690.0,Martha My Dear,Martha My Dear,https://music.apple.com/us/album/martha-my-dear/1441133180?i=1441133690&uo=4,https://is3-ssl.mzstatic.com/image/thumb/Music125/v4/16/fe/6a/16fe6a77-f15a-a4e3-1f92-cda58964c7d5/source/30x30bb.jpg,1.29,notExplicit,3.0,1.0,9.0,148573.0,True,,
45,track,136975,1441133180,The Beatles,The Beatles (The White Album),The Beatles (The White Album),https://music.apple.com/us/artist/the-beatles/136975?uo=4,https://music.apple.com/us/album/the-continuing-story-of-bungalow-bill/1441133180?i=1441133634&uo=4,https://is3-ssl.mzstatic.com/image/thumb/Music125/v4/16/fe/6a/16fe6a77-f15a-a4e3-1f92-cda58964c7d5/source/60x60bb.jpg,https://is3-ssl.mzstatic.com/image/thumb/Music125/v4/16/fe/6a/16fe6a77-f15a-a4e3-1f92-cda58964c7d5/source/100x100bb.jpg,19.99,notExplicit,17,USA,USD,1968-11-22T12:00:00Z,Rock,https://audio-ssl.itunes.apple.com/itunes-assets/AudioPreview115/v4/4c/5e/48/4c5e48e3-c08f-814d-570f-e934a71aff47/mzaf_2287261268531929013.plus.aac.p.m4a,,song,1441133634.0,The Continuing Story of Bungalow Bill,The Continuing Story of Bungalow Bill,https://music.apple.com/us/album/the-continuing-story-of-bungalow-bill/1441133180?i=1441133634&uo=4,https://is3-ssl.mzstatic.com/image/thumb/Music125/v4/16/fe/6a/16fe6a77-f15a-a4e3-1f92-cda58964c7d5/source/30x30bb.jpg,1.29,notExplicit,3.0,1.0,6.0,194160.0,True,,
46,track,136975,1441133180,The Beatles,The Beatles (The White Album),The Beatles (The White Album),https://music.apple.com/us/artist/the-beatles/136975?uo=4,https://music.apple.com/us/album/im-so-tired/1441133180?i=1441133702&uo=4,https://is3-ssl.mzstatic.com/image/thumb/Music125/v4/16/fe/6a/16fe6a77-f15a-a4e3-1f92-cda58964c7d5/source/60x60bb.jpg,https://is3-ssl.mzstatic.com/image/thumb/Music125/v4/16/fe/6a/16fe6a77-f15a-a4e3-1f92-cda58964c7d5/source/100x100bb.jpg,19.99,notExplicit,17,USA,USD,1968-11-22T12:00:00Z,Rock,https://audio-ssl.itunes.apple.com/itunes-assets/AudioPreview125/v4/51/01/5f/51015f55-d5bb-c94e-0a05-acf3fedf9318/mzaf_6063975442138047837.plus.aac.p.m4a,,song,1441133702.0,I'm So Tired,I'm So Tired,https://music.apple.com/us/album/im-so-tired/1441133180?i=1441133702&uo=4,https://is3-ssl.mzstatic.com/image/thumb/Music125/v4/16/fe/6a/16fe6a77-f15a-a4e3-1f92-cda58964c7d5/source/30x30bb.jpg,1.29,notExplicit,3.0,1.0,10.0,123493.0,True,,
47,track,136975,1441133180,The Beatles,The Beatles (The White Album),The Beatles (The White Album),https://music.apple.com/us/artist/the-beatles/136975?uo=4,https://music.apple.com/us/album/revolution-9/1441133180?i=1441134482&uo=4,https://is3-ssl.mzstatic.com/image/thumb/Music125/v4/16/fe/6a/16fe6a77-f15a-a4e3-1f92-cda58964c7d5/source/60x60bb.jpg,https://is3-ssl.mzstatic.com/image/thumb/Music125/v4/16/fe/6a/16fe6a77-f15a-a4e3-1f92-cda58964c7d5/source/100x100bb.jpg,19.99,notExplicit,13,USA,USD,1968-11-22T12:00:00Z,Rock,https://audio-ssl.itunes.apple.com/itunes-assets/AudioPreview115/v4/10/27/27/1027275b-708d-942a-2f38-800ecaa0d79e/mzaf_7748806922353413165.plus.aac.p.m4a,,song,1441134482.0,Revolution 9,Revolution 9,https://music.apple.com/us/album/revolution-9/1441133180?i=1441134482&uo=4,https://is3-ssl.mzstatic.com/image/thumb/Music125/v4/16/fe/6a/16fe6a77-f15a-a4e3-1f92-cda58964c7d5/source/30x30bb.jpg,1.29,notExplicit,3.0,2.0,12.0,502013.0,True,,
48,track,136975,1441133180,The Beatles,The Beatles (The White Album),The Beatles (The White Album),https://music.apple.com/us/artist/the-beatles/136975?uo=4,https://music.apple.com/us/album/glass-onion/1441133180?i=1441133436&uo=4,https://is3-ssl.mzstatic.com/image/thumb/Music125/v4/16/fe/6a/16fe6a77-f15a-a4e3-1f92-cda58964c7d5/source/60x60bb.jpg,https://is3-ssl.mzstatic.com/image/thumb/Music125/v4/16/fe/6a/16fe6a77-f15a-a4e3-1f92-cda58964c7d5/source/100x100bb.jpg,19.99,notExplicit,17,USA,USD,1968-11-22T12:00:00Z,Rock,https://audio-ssl.itunes.apple.com/itunes-assets/AudioPreview115/v4/49/09/d4/4909d493-2f18-58cd-4745-97aef5d43de4/mzaf_11905904210435959857.plus.aac.p.m4a,,song,1441133436.0,Glass Onion,Glass Onion,https://music.apple.com/us/album/glass-onion/1441133180?i=1441133436&uo=4,https://is3-ssl.mzstatic.com/image/thumb/Music125/v4/16/fe/6a/16fe6a77-f15a-a4e3-1f92-cda58964c7d5/source/30x30bb.jpg,1.29,notExplicit,3.0,1.0,3.0,137840.0,True,,
49,audiobook,310801194,1454533897,Paul Charles,The Beatles: The Pocket Essential Guide,The Beatles: The Pocket Essential Guide,https://books.apple.com/us/author/paul-charles/id310801194?uo=4,https://books.apple.com/us/audiobook/the-beatles-the-pocket-essential-guide/id1454533897?uo=4,https://is5-ssl.mzstatic.com/image/thumb/Music114/v4/6a/9b/28/6a9b2839-c8fe-55a6-0169-46d9bdc54b88/9781848391994_cover.jpg/60x60bb.jpg,https://is5-ssl.mzstatic.com/image/thumb/Music114/v4/6a/9b/28/6a9b2839-c8fe-55a6-0169-46d9bdc54b88/9781848391994_cover.jpg/100x100bb.jpg,6.99,notExplicit,1,USA,USD,2016-03-15T07:00:00Z,Nonfiction,https://audio-ssl.itunes.apple.com/itunes-assets/AudioPreview123/v4/46/74/22/4674220b-ec41-c058-2c87-4bd1d7f31eab/mzaf_6782547560392152472.std.aac.p.m4a,"The most successful entity in the history of the entertainment business, and still as popular as ever forty years on, The Beatles' story is a classic rags to riches tale. Here, every official Beatles single and album is discussed, along with a detailed discussion of how the four working-class Liverpool lads met and, using the songs and records as signposts, a journey through their colourful, historic and celebrated career.",,,,,,,,,,,,,,© 2016 Summersdale Publishing,
